,Neighborhood,Neighborhood Latitude,Neighborhood Longitude,Venue Category,Venue,Venue Latitude,Venue Longitude
0,Parkwoods,43.75245000000007,-79.32990999999998,Hotel,Towns On The Ravine,43.7547545,-79.3325523
1,"Garden District, Ryerson",43.65739000000008,-79.37803999999993,Hotel,The Grand Hotel & Suites Toronto,43.65644901207743,-79.3741100180102
2,"Garden District, Ryerson",43.65739000000008,-79.37803999999993,Hotel,Marriott Downtown at CF Toronto Eaton Centre,43.654728444284025,-79.3824216350913
3,"Garden District, Ryerson",43.65739000000008,-79.37803999999993,Hotel,The Saint James Hotel,43.659398011456965,-79.38093249633705
4,"Garden District, Ryerson",43.65739000000008,-79.37803999999993,Hotel,Chelsea Hotel,43.65849759157591,-79.38309729767929
5,"Garden District, Ryerson",43.65739000000008,-79.37803999999993,Hotel,Pantages Hotel & Spa,43.65449797039222,-79.37903488923283
6,"Garden District, Ryerson",43.65739000000008,-79.37803999999993,Hotel,Crew Room Eaton Chelsea Hotel,43.658094355809446,-79.38271111835563
7,"Garden District, Ryerson",43.65739000000008,-79.37803999999993,Hotel,Bond Place Hotel,43.65618805882607,-79.3784520985319
8,"Garden District, Ryerson",43.65739000000008,-79.37803999999993,Hotel,Ramada Plaza Toronto Downtown,43.661411,-79.376697
9,"Garden District, Ryerson",43.65739000000008,-79.37803999999993,Hotel,Hilton Garden Inn,43.65732848467179,-79.37404953379514
10,"Garden District, Ryerson",43.65739000000008,-79.37803999999993,Hotel,Econo Lodge Inn & Suites Downtown Toronto,43.6602859,-79.3756103
11,"Garden District, Ryerson",43.65739000000008,-79.37803999999993,Hotel,Comfort Inn,43.65982301665731,-79.37520567262784
12,"Garden District, Ryerson",43.65739000000008,-79.37803999999993,Hotel,Yonge Suites,43.65348247455065,-79.37967789321186
13,"Garden District, Ryerson",43.65739000000008,-79.37803999999993,Cocktail Bar,Pantages Lounge & Bar,43.654493431269564,-79.3789996004105
14,"Garden District, Ryerson",43.65739000000008,-79.37803999999993,Hotel Pool,Deck 27 Pool & Fitness Facility,43.65816982438936,-79.38306222018876
15,St. James Town,43.65215000000007,-79.37586999999995,Hotel,Cambridge Suites Toronto,43.65183649475983,-79.37810738045548
16,St. James Town,43.65215000000007,-79.37586999999995,Hotel,One King West Hotel & Residence,43.6491395,-79.3778763
17,St. James Town,43.65215000000007,-79.37586999999995,Hotel,Cosmopolitan Toronto Centre Hotel & Spa,43.64906432957466,-79.37759759701125
18,St. James Town,43.65215000000007,-79.37586999999995,Hotel,The Grand Hotel & Suites Toronto,43.65644901207743,-79.3741100180102
19,St. James Town,43.65215000000007,-79.37586999999995,Hotel,The Omni King Edward Hotel,43.64919051601911,-79.37600612640387
20,St. James Town,43.65215000000007,-79.37586999999995,Hostel,HI-Toronto Hostel,43.650623213878255,-79.37519039641123
21,St. James Town,43.65215000000007,-79.37586999999995,Hotel,The Adelaide Hotel Toronto,43.6498312,-79.3801639
22,St. James Town,43.65215000000007,-79.37586999999995,Hotel,Hotel Victoria,43.64808421544407,-79.37758193835406
23,St. James Town,43.65215000000007,-79.37586999999995,Hotel,Pantages Hotel & Spa,43.65449797039222,-79.37903488923283
24,St. James Town,43.65215000000007,-79.37586999999995,Hotel,Holiday Inn Express Toronto Downtown,43.652088,-79.37279
25,St. James Town,43.65215000000007,-79.37586999999995,Hotel,Yonge Suites,43.65348247455065,-79.37967789321186
26,St. James Town,43.65215000000007,-79.37586999999995,Hotel,Suites at One King West Hotel Toronto,43.64907697922986,-79.3784675503318
27,St. James Town,43.65215000000007,-79.37586999999995,Hotel,Bond Place Hotel,43.65618805882607,-79.3784520985319
28,St. James Town,43.65215000000007,-79.37586999999995,Hotel,St Regis Hotel,43.64976981575342,-79.38070143942397
29,St. James Town,43.65215000000007,-79.37586999999995,Hotel,1 King West Gym,43.64874179478857,-79.3780591452993
30,St. James Town,43.65215000000007,-79.37586999999995,Cocktail Bar,Pantages Lounge & Bar,43.654493431269564,-79.3789996004105
31,St. James Town,43.65215000000007,-79.37586999999995,Hotel Pool,ST Regis Pool and Spa,43.649868,-79.380295
32,Berczy Park,43.64536000000004,-79.37305999999995,Hotel,The Omni King Edward Hotel,43.64919051601911,-79.37600612640387
33,Berczy Park,43.64536000000004,-79.37305999999995,Hotel,Hotel Novotel Toronto Centre,43.64653,-79.37425
34,Berczy Park,43.64536000000004,-79.37305999999995,Hotel,Hotel Victoria,43.64808421544407,-79.37758193835406
35,Berczy Park,43.64536000000004,-79.37305999999995,Hotel,Novotel - Champagne Suite,43.64681882206217,-79.37455185495752
36,Central Bay Street,43.65609000000007,-79.38492999999994,Hotel,DoubleTree by Hilton Hotel Toronto Downtown,43.6546083,-79.3859415
37,Central Bay Street,43.65609000000007,-79.38492999999994,Hotel,Marriott Downtown at CF Toronto Eaton Centre,43.654728444284025,-79.3824216350913
38,Central Bay Street,43.65609000000007,-79.38492999999994,Hotel,Chelsea Hotel,43.65849759157591,-79.38309729767929
39,Central Bay Street,43.65609000000007,-79.38492999999994,College Residence Hall,89 Chestnut Residence,43.654159528349275,-79.38529050784362
40,Central Bay Street,43.65609000000007,-79.38492999999994,Hotel,The Saint James Hotel,43.659398011456965,-79.38093249633705
41,Central Bay Street,43.65609000000007,-79.38492999999994,Hotel,Crew Room Eaton Chelsea Hotel,43.658094355809446,-79.38271111835563
42,Central Bay Street,43.65609000000007,-79.38492999999994,Hotel,Be SixFifty Hotel,43.65711975097656,-79.38455963134766
43,Central Bay Street,43.65609000000007,-79.38492999999994,Hotel,Canada Suites Toronto,43.65912066508785,-79.38556541860137
44,Central Bay Street,43.65609000000007,-79.38492999999994,Hostel,Backpackers on Dundas,43.655091240000004,-79.38601208
45,Central Bay Street,43.65609000000007,-79.38492999999994,Hotel Pool,Deck 27 Pool & Fitness Facility,43.65816982438936,-79.38306222018876
46,"Richmond, Adelaide, King",43.649700000000045,-79.38257999999995,Hotel,Shangri-La Toronto,43.64912919417502,-79.3865566853963
47,"Richmond, Adelaide, King",43.649700000000045,-79.38257999999995,Hotel,One King West Hotel & Residence,43.6491395,-79.3778763
48,"Richmond, Adelaide, King",43.649700000000045,-79.38257999999995,Hotel,The Fairmont Royal York,43.64544914616651,-79.3815076529019
49,"Richmond, Adelaide, King",43.649700000000045,-79.38257999999995,Hotel,The Adelaide Hotel Toronto,43.6498312,-79.3801639
50,"Richmond, Adelaide, King",43.649700000000045,-79.38257999999995,Hotel,Hilton,43.6499459,-79.385479
51,"Richmond, Adelaide, King",43.649700000000045,-79.38257999999995,Hotel,Cosmopolitan Toronto Centre Hotel & Spa,43.64906432957466,-79.37759759701125
52,"Richmond, Adelaide, King",43.649700000000045,-79.38257999999995,Hotel,Sheraton Centre Toronto Hotel,43.6505944,-79.3845298
53,"Richmond, Adelaide, King",43.649700000000045,-79.38257999999995,Hotel,Cambridge Suites Toronto,43.65183649475983,-79.37810738045548
54,"Richmond, Adelaide, King",43.649700000000045,-79.38257999999995,Jazz Club,The Rex Hotel Jazz & Blues Bar,43.65050475544005,-79.38857723389897
55,"Richmond, Adelaide, King",43.649700000000045,-79.38257999999995,Hotel,Hotel Victoria,43.64808421544407,-79.37758193835406
56,"Richmond, Adelaide, King",43.649700000000045,-79.38257999999995,Hotel,St Regis Hotel,43.64976981575342,-79.38070143942397
57,"Richmond, Adelaide, King",43.649700000000045,-79.38257999999995,Hotel,Dominion Ballroom,43.65096631402739,-79.38435316085815
58,"Richmond, Adelaide, King",43.649700000000045,-79.38257999999995,Hotel,Hilton Convention Hall Toronto III,43.64973,-79.385912
59,"Richmond, Adelaide, King",43.649700000000045,-79.38257999999995,Hotel,"Royal Suite, Fairmont Royal York",43.64725305659947,-79.38307469732278
60,"Richmond, Adelaide, King",43.649700000000045,-79.38257999999995,General Travel,Toronto PATH System,43.64990340698978,-79.3830527039004
61,"Richmond, Adelaide, King",43.649700000000045,-79.38257999999995,Hotel,The Strathcona Hotel,43.646201956489605,-79.38275742610278
62,"Richmond, Adelaide, King",43.649700000000045,-79.38257999999995,Hotel Bar,Library Bar,43.64550019136729,-79.38160166851243
63,"Richmond, Adelaide, King",43.649700000000045,-79.38257999999995,Hotel,Suites at One King West Hotel Toronto,43.64907697922986,-79.3784675503318
64,"Richmond, Adelaide, King",43.649700000000045,-79.38257999999995,Restaurant,Tundra Restaurant,43.650068857878594,-79.38540891817722
65,"Richmond, Adelaide, King",43.649700000000045,-79.38257999999995,Hotel,The Fairmont Gold Floor,43.64642636357823,-79.38116674849772
66,"Richmond, Adelaide, King",43.649700000000045,-79.38257999999995,Hotel,1 King West Gym,43.64874179478857,-79.3780591452993
67,"Richmond, Adelaide, King",43.649700000000045,-79.38257999999995,Hotel,Deloitte University North at The Fairmont Royal York Hotel,43.645794,-79.381645
68,"Richmond, Adelaide, King",43.649700000000045,-79.38257999999995,Hotel,Fairmont Royal York Imperial Room,43.6458796820686,-79.38066638653464
69,"Richmond, Adelaide, King",43.649700000000045,-79.38257999999995,Hotel,Fairmont Ballroom,43.645538,-79.381735
70,"Richmond, Adelaide, King",43.649700000000045,-79.38257999999995,Hotel,Yonge Suites,43.65348247455065,-79.37967789321186
71,"Richmond, Adelaide, King",43.649700000000045,-79.38257999999995,Restaurant,Reign,43.64579,-79.38151
72,"Richmond, Adelaide, King",43.649700000000045,-79.38257999999995,Hotel Pool,ST Regis Pool and Spa,43.649868,-79.380295
73,"Richmond, Adelaide, King",43.649700000000045,-79.38257999999995,Hotel Pool,The Pool at Shangri-La,43.64925135414941,-79.38559840783742
74,"Harbourfront East, Union Station, Toronto Islands",43.64285000000007,-79.38075999999995,Hotel,Delta Hotels by Marriott Toronto,43.6428819,-79.3839491
75,"Harbourfront East, Union Station, Toronto Islands",43.64285000000007,-79.38075999999995,Hotel,The Fairmont Royal York,43.64544914616651,-79.3815076529019
76,"Harbourfront East, Union Station, Toronto Islands",43.64285000000007,-79.38075999999995,Hotel,Le Germain Hotel,43.64312502979691,-79.38091770864038
77,"Harbourfront East, Union Station, Toronto Islands",43.64285000000007,-79.38075999999995,Hotel,"The Westin Harbour Castle, Toronto",43.64121139206991,-79.37574863433838
78,"Harbourfront East, Union Station, Toronto Islands",43.64285000000007,-79.38075999999995,Hotel,InterContinental Toronto Centre,43.6444547,-79.3854827
79,"Harbourfront East, Union Station, Toronto Islands",43.64285000000007,-79.38075999999995,Hotel Bar,Library Bar,43.64550019136729,-79.38160166851243
80,"Harbourfront East, Union Station, Toronto Islands",43.64285000000007,-79.38075999999995,Hotel,Fairmont Ballroom,43.645538,-79.381735
81,"Harbourfront East, Union Station, Toronto Islands",43.64285000000007,-79.38075999999995,Hotel,The Strathcona Hotel,43.646201956489605,-79.38275742610278
82,"Harbourfront East, Union Station, Toronto Islands",43.64285000000007,-79.38075999999995,Hotel,Deloitte University North at The Fairmont Royal York Hotel,43.645794,-79.381645
83,"Harbourfront East, Union Station, Toronto Islands",43.64285000000007,-79.38075999999995,Hotel,Fairmont Royal York Imperial Room,43.6458796820686,-79.38066638653464
84,"Harbourfront East, Union Station, Toronto Islands",43.64285000000007,-79.38075999999995,Hotel,The Fairmont Gold Floor,43.64642636357823,-79.38116674849772
85,"Harbourfront East, Union Station, Toronto Islands",43.64285000000007,-79.38075999999995,Restaurant,Reign,43.64579,-79.38151
86,"Harbourfront East, Union Station, Toronto Islands",43.64285000000007,-79.38075999999995,Hotel Pool,Delta Hotels by Marriott Toronto Pool,43.64310382524819,-79.38389944689007
87,"Harbourfront East, Union Station, Toronto Islands",43.64285000000007,-79.38075999999995,Convention Center,Metro Toronto Convention Centre,43.6437152935501,-79.38561916351318
88,"Harbourfront East, Union Station, Toronto Islands",43.64285000000007,-79.38075999999995,Hotel Pool,Westin Pool Harbour Castle,43.64086279075837,-79.37604093865056
89,"Toronto Dominion Centre, Design Exchange",43.64710000000007,-79.38152999999993,Hotel,The Fairmont Royal York,43.64544914616651,-79.3815076529019
90,"Toronto Dominion Centre, Design Exchange",43.64710000000007,-79.38152999999993,Hotel,Shangri-La Toronto,43.64912919417502,-79.3865566853963
91,"Toronto Dominion Centre, Design Exchange",43.64710000000007,-79.38152999999993,Hotel,The Ritz-Carlton,43.645330157595886,-79.38708901405334
92,"Toronto Dominion Centre, Design Exchange",43.64710000000007,-79.38152999999993,Hotel,One King West Hotel & Residence,43.6491395,-79.3778763
93,"Toronto Dominion Centre, Design Exchange",43.64710000000007,-79.38152999999993,Hotel,Cosmopolitan Toronto Centre Hotel & Spa,43.64906432957466,-79.37759759701125
94,"Toronto Dominion Centre, Design Exchange",43.64710000000007,-79.38152999999993,Hotel,The Adelaide Hotel Toronto,43.6498312,-79.3801639
95,"Toronto Dominion Centre, Design Exchange",43.64710000000007,-79.38152999999993,Hotel,Le Germain Hotel,43.64312502979691,-79.38091770864038
96,"Toronto Dominion Centre, Design Exchange",43.64710000000007,-79.38152999999993,Hotel,Hilton,43.6499459,-79.385479
97,"Toronto Dominion Centre, Design Exchange",43.64710000000007,-79.38152999999993,Hotel,InterContinental Toronto Centre,43.6444547,-79.3854827
98,"Toronto Dominion Centre, Design Exchange",43.64710000000007,-79.38152999999993,Hotel,Sheraton Centre Toronto Hotel,43.6505944,-79.3845298
99,"Toronto Dominion Centre, Design Exchange",43.64710000000007,-79.38152999999993,Hotel,Hotel Victoria,43.64808421544407,-79.37758193835406
100,"Toronto Dominion Centre, Design Exchange",43.64710000000007,-79.38152999999993,Hotel Bar,Library Bar,43.64550019136729,-79.38160166851243
101,"Toronto Dominion Centre, Design Exchange",43.64710000000007,-79.38152999999993,Hotel,The Strathcona Hotel,43.646201956489605,-79.38275742610278
102,"Toronto Dominion Centre, Design Exchange",43.64710000000007,-79.38152999999993,Hotel,Fairmont Ballroom,43.645538,-79.381735
103,"Toronto Dominion Centre, Design Exchange",43.64710000000007,-79.38152999999993,Hotel,"Royal Suite, Fairmont Royal York",43.64725305659947,-79.38307469732278
104,"Toronto Dominion Centre, Design Exchange",43.64710000000007,-79.38152999999993,Hotel,The Fairmont Gold Floor,43.64642636357823,-79.38116674849772
105,"Toronto Dominion Centre, Design Exchange",43.64710000000007,-79.38152999999993,Hotel,Fairmont Royal York Imperial Room,43.6458796820686,-79.38066638653464
106,"Toronto Dominion Centre, Design Exchange",43.64710000000007,-79.38152999999993,Hotel,Deloitte University North at The Fairmont Royal York Hotel,43.645794,-79.381645
107,"Toronto Dominion Centre, Design Exchange",43.64710000000007,-79.38152999999993,Hotel,St Regis Hotel,43.64976981575342,-79.38070143942397
108,"Toronto Dominion Centre, Design Exchange",43.64710000000007,-79.38152999999993,Hotel,Suites at One King West Hotel Toronto,43.64907697922986,-79.3784675503318
109,"Toronto Dominion Centre, Design Exchange",43.64710000000007,-79.38152999999993,Hotel,1 King West Gym,43.64874179478857,-79.3780591452993
110,"Toronto Dominion Centre, Design Exchange",43.64710000000007,-79.38152999999993,General Travel,Toronto PATH System,43.64990340698978,-79.3830527039004
111,"Toronto Dominion Centre, Design Exchange",43.64710000000007,-79.38152999999993,Hotel,Hilton Convention Hall Toronto III,43.64973,-79.385912
112,"Toronto Dominion Centre, Design Exchange",43.64710000000007,-79.38152999999993,Hotel,Dominion Ballroom,43.65096631402739,-79.38435316085815
113,"Toronto Dominion Centre, Design Exchange",43.64710000000007,-79.38152999999993,Hotel,Ritz-Carlton Club Lounge,43.645805712420284,-79.38740180151551
114,"Toronto Dominion Centre, Design Exchange",43.64710000000007,-79.38152999999993,Restaurant,Reign,43.64579,-79.38151
115,"Toronto Dominion Centre, Design Exchange",43.64710000000007,-79.38152999999993,Restaurant,Tundra Restaurant,43.650068857878594,-79.38540891817722
116,"Toronto Dominion Centre, Design Exchange",43.64710000000007,-79.38152999999993,Hotel Pool,ST Regis Pool and Spa,43.649868,-79.380295
117,"Toronto Dominion Centre, Design Exchange",43.64710000000007,-79.38152999999993,Convention Center,Metro Toronto Convention Centre,43.6437152935501,-79.38561916351318
118,"Toronto Dominion Centre, Design Exchange",43.64710000000007,-79.38152999999993,Hotel Pool,The Pool at Shangri-La,43.64925135414941,-79.38559840783742
119,"Toronto Dominion Centre, Design Exchange",43.64710000000007,-79.38152999999993,Hotel Pool,Delta Hotels by Marriott Toronto Pool,43.64310382524819,-79.38389944689007
120,"Brockton, Parkdale Village, Exhibition Place",43.639410000000055,-79.42675999999993,Hotel,Gladstone Hotel,43.64261630118951,-79.42693584428037
121,"Brockton, Parkdale Village, Exhibition Place",43.639410000000055,-79.42675999999993,Restaurant,The Drake Hotel,43.64314651334194,-79.42459699348547
122,"Brockton, Parkdale Village, Exhibition Place",43.639410000000055,-79.42675999999993,Gift Shop,The Drake Hotel General Store,43.64301204354146,-79.42446752913236
123,Downsview,43.72071000000005,-79.51700999999997,Hotel,Days Inn Toronto,43.71898799526932,-79.5145564900828
124,Downsview,43.72071000000005,-79.51700999999997,Hotel,Toronto Plaza Hotel,43.71900092587961,-79.5144885778427
125,"India Bazaar, The Beaches West",43.66797000000002,-79.31466999999998,Hotel,Days Inn,43.66714499056894,-79.31317884378626
126,"Commerce Court, Victoria Hotel",43.64840000000004,-79.37913999999995,Hotel,One King West Hotel & Residence,43.6491395,-79.3778763
127,"Commerce Court, Victoria Hotel",43.64840000000004,-79.37913999999995,Hotel,Cosmopolitan Toronto Centre Hotel & Spa,43.64906432957466,-79.37759759701125
128,"Commerce Court, Victoria Hotel",43.64840000000004,-79.37913999999995,Hotel,The Fairmont Royal York,43.64544914616651,-79.3815076529019
129,"Commerce Court, Victoria Hotel",43.64840000000004,-79.37913999999995,Hotel,The Adelaide Hotel Toronto,43.6498312,-79.3801639
130,"Commerce Court, Victoria Hotel",43.64840000000004,-79.37913999999995,Hotel,The Omni King Edward Hotel,43.64919051601911,-79.37600612640387
131,"Commerce Court, Victoria Hotel",43.64840000000004,-79.37913999999995,Hotel,Cambridge Suites Toronto,43.65183649475983,-79.37810738045548
132,"Commerce Court, Victoria Hotel",43.64840000000004,-79.37913999999995,Hostel,HI-Toronto Hostel,43.650623213878255,-79.37519039641123
133,"Commerce Court, Victoria Hotel",43.64840000000004,-79.37913999999995,Hotel,Hotel Victoria,43.64808421544407,-79.37758193835406
134,"Commerce Court, Victoria Hotel",43.64840000000004,-79.37913999999995,Hotel,Sheraton Centre Toronto Hotel,43.6505944,-79.3845298
135,"Commerce Court, Victoria Hotel",43.64840000000004,-79.37913999999995,Hotel,Hotel Novotel Toronto Centre,43.64653,-79.37425
136,"Commerce Court, Victoria Hotel",43.64840000000004,-79.37913999999995,Hotel,St Regis Hotel,43.64976981575342,-79.38070143942397
137,"Commerce Court, Victoria Hotel",43.64840000000004,-79.37913999999995,Hotel,Suites at One King West Hotel Toronto,43.64907697922986,-79.3784675503318
138,"Commerce Court, Victoria Hotel",43.64840000000004,-79.37913999999995,Hotel Bar,Library Bar,43.64550019136729,-79.38160166851243
139,"Commerce Court, Victoria Hotel",43.64840000000004,-79.37913999999995,Hotel,1 King West Gym,43.64874179478857,-79.3780591452993
140,"Commerce Court, Victoria Hotel",43.64840000000004,-79.37913999999995,Hotel,The Fairmont Gold Floor,43.64642636357823,-79.38116674849772
141,"Commerce Court, Victoria Hotel",43.64840000000004,-79.37913999999995,Hotel,The Strathcona Hotel,43.646201956489605,-79.38275742610278
142,"Commerce Court, Victoria Hotel",43.64840000000004,-79.37913999999995,Hotel,Fairmont Royal York Imperial Room,43.6458796820686,-79.38066638653464
143,"Commerce Court, Victoria Hotel",43.64840000000004,-79.37913999999995,Hotel,"Royal Suite, Fairmont Royal York",43.64725305659947,-79.38307469732278
144,"Commerce Court, Victoria Hotel",43.64840000000004,-79.37913999999995,Hotel,Deloitte University North at The Fairmont Royal York Hotel,43.645794,-79.381645
145,"Commerce Court, Victoria Hotel",43.64840000000004,-79.37913999999995,Hotel,Fairmont Ballroom,43.645538,-79.381735
146,"Commerce Court, Victoria Hotel",43.64840000000004,-79.37913999999995,Hotel,Novotel - Champagne Suite,43.64681882206217,-79.37455185495752
147,"Commerce Court, Victoria Hotel",43.64840000000004,-79.37913999999995,General Travel,Toronto PATH System,43.64990340698978,-79.3830527039004
148,"Commerce Court, Victoria Hotel",43.64840000000004,-79.37913999999995,Restaurant,Reign,43.64579,-79.38151
149,"Commerce Court, Victoria Hotel",43.64840000000004,-79.37913999999995,Hotel Pool,ST Regis Pool and Spa,43.649868,-79.380295
150,"Willowdale, Willowdale East",43.76774000000007,-79.40727999999996,Hotel,Maryam Hotel,43.766961,-79.401199
151,Davisville North,43.71276000000007,-79.38850999999994,Hotel,Best Western Roehampton Hotel & Suites,43.7088783,-79.3908798
152,Davisville North,43.71276000000007,-79.38850999999994,Hotel,The Ambassador,43.710417755332664,-79.39186039919568
153,Canada Post Gateway Processing Centre,43.648690000000045,-79.38543999999995,Hotel,Shangri-La Toronto,43.64912919417502,-79.3865566853963
154,Canada Post Gateway Processing Centre,43.648690000000045,-79.38543999999995,Hotel,The Ritz-Carlton,43.645330157595886,-79.38708901405334
155,Canada Post Gateway Processing Centre,43.648690000000045,-79.38543999999995,Hotel,The Fairmont Royal York,43.64544914616651,-79.3815076529019
156,Canada Post Gateway Processing Centre,43.648690000000045,-79.38543999999995,Hotel,Hilton,43.6499459,-79.385479
157,Canada Post Gateway Processing Centre,43.648690000000045,-79.38543999999995,Hotel,Sheraton Centre Toronto Hotel,43.6505944,-79.3845298
158,Canada Post Gateway Processing Centre,43.648690000000045,-79.38543999999995,Jazz Club,The Rex Hotel Jazz & Blues Bar,43.65050475544005,-79.38857723389897
159,Canada Post Gateway Processing Centre,43.648690000000045,-79.38543999999995,Hotel,The Adelaide Hotel Toronto,43.6498312,-79.3801639
160,Canada Post Gateway Processing Centre,43.648690000000045,-79.38543999999995,Hotel,InterContinental Toronto Centre,43.6444547,-79.3854827
161,Canada Post Gateway Processing Centre,43.648690000000045,-79.38543999999995,Hotel,Hilton Convention Hall Toronto III,43.64973,-79.385912
162,Canada Post Gateway Processing Centre,43.648690000000045,-79.38543999999995,Hotel,"Royal Suite, Fairmont Royal York",43.64725305659947,-79.38307469732278
163,Canada Post Gateway Processing Centre,43.648690000000045,-79.38543999999995,Hotel,The Strathcona Hotel,43.646201956489605,-79.38275742610278
164,Canada Post Gateway Processing Centre,43.648690000000045,-79.38543999999995,Hotel,Dominion Ballroom,43.65096631402739,-79.38435316085815
165,Canada Post Gateway Processing Centre,43.648690000000045,-79.38543999999995,Hotel Bar,Library Bar,43.64550019136729,-79.38160166851243
166,Canada Post Gateway Processing Centre,43.648690000000045,-79.38543999999995,General Travel,Toronto PATH System,43.64990340698978,-79.3830527039004
167,Canada Post Gateway Processing Centre,43.648690000000045,-79.38543999999995,Restaurant,Tundra Restaurant,43.650068857878594,-79.38540891817722
168,Canada Post Gateway Processing Centre,43.648690000000045,-79.38543999999995,Hotel,Ritz-Carlton Club Lounge,43.645805712420284,-79.38740180151551
169,Canada Post Gateway Processing Centre,43.648690000000045,-79.38543999999995,Hotel,St Regis Hotel,43.64976981575342,-79.38070143942397
170,Canada Post Gateway Processing Centre,43.648690000000045,-79.38543999999995,Hotel,The Fairmont Gold Floor,43.64642636357823,-79.38116674849772
171,Canada Post Gateway Processing Centre,43.648690000000045,-79.38543999999995,Hotel,Deloitte University North at The Fairmont Royal York Hotel,43.645794,-79.381645
172,Canada Post Gateway Processing Centre,43.648690000000045,-79.38543999999995,Hotel,Fairmont Ballroom,43.645538,-79.381735
173,Canada Post Gateway Processing Centre,43.648690000000045,-79.38543999999995,Hotel,Fairmont Royal York Imperial Room,43.6458796820686,-79.38066638653464
174,Canada Post Gateway Processing Centre,43.648690000000045,-79.38543999999995,Restaurant,Reign,43.64579,-79.38151
175,Canada Post Gateway Processing Centre,43.648690000000045,-79.38543999999995,Hotel Pool,The Pool at Shangri-La,43.64925135414941,-79.38559840783742
176,Canada Post Gateway Processing Centre,43.648690000000045,-79.38543999999995,Hotel Pool,ST Regis Pool and Spa,43.649868,-79.380295
177,"University of Toronto, Harbord",43.663110000000074,-79.40179999999998,Hotel,Kimpton St. George,43.667367535338556,-79.40062654120706
178,"Kensington Market, Chinatown, Grange Park",43.65351000000004,-79.39721999999995,Hotel Bar,Hotel Ocho,43.649999794212526,-79.39660870907747
179,"Kensington Market, Chinatown, Grange Park",43.65351000000004,-79.39721999999995,Hotel,Super 8,43.65083003672464,-79.39773702417429
180,"Kensington Market, Chinatown, Grange Park",43.65351000000004,-79.39721999999995,Hotel,Studio 6,43.6509061,-79.4013534
181,"Kensington Market, Chinatown, Grange Park",43.65351000000004,-79.39721999999995,Motel,Grange Hotel,43.6509333200658,-79.40137856619313
182,"Kensington Market, Chinatown, Grange Park",43.65351000000004,-79.39721999999995,Residential Building (Apartment / Condo),Global Rewards Hotel,43.654639,-79.396046
183,"Kensington Market, Chinatown, Grange Park",43.65351000000004,-79.39721999999995,Bed & Breakfast,Urban North Inns,43.65597319944109,-79.39261436462402
184,"Kensington Market, Chinatown, Grange Park",43.65351000000004,-79.39721999999995,Hostel,Chinatown Travelers Home,43.65224152478244,-79.39487553887803
185,"CN Tower, King and Spadina, Railway Lands, Harbourfront West, Bathurst Quay, South Niagara, Island airport",43.640820000000076,-79.39817999999997,Hotel,Thompson Hotel,43.64275344306491,-79.40155792422583
186,"CN Tower, King and Spadina, Railway Lands, Harbourfront West, Bathurst Quay, South Niagara, Island airport",43.640820000000076,-79.39817999999997,Hotel Bar,Thompson Rooftop Lounge,43.64313322821742,-79.40192258926605
187,"CN Tower, King and Spadina, Railway Lands, Harbourfront West, Bathurst Quay, South Niagara, Island airport",43.640820000000076,-79.39817999999997,Caf√©,Thor Espresso Bar,43.641997678128135,-79.4017593502488
188,"CN Tower, King and Spadina, Railway Lands, Harbourfront West, Bathurst Quay, South Niagara, Island airport",43.640820000000076,-79.39817999999997,Hotel,Thompson Toronto,43.6426777777778,-79.4020522222222
189,"CN Tower, King and Spadina, Railway Lands, Harbourfront West, Bathurst Quay, South Niagara, Island airport",43.640820000000076,-79.39817999999997,Residential Building (Apartment / Condo),Thompson Hotel Residences,43.64336248947072,-79.40084382271021
190,Stn A PO Boxes,43.648690000000045,-79.38543999999995,Hotel,Shangri-La Toronto,43.64912919417502,-79.3865566853963
191,Stn A PO Boxes,43.648690000000045,-79.38543999999995,Hotel,The Ritz-Carlton,43.645330157595886,-79.38708901405334
192,Stn A PO Boxes,43.648690000000045,-79.38543999999995,Hotel,The Fairmont Royal York,43.64544914616651,-79.3815076529019
193,Stn A PO Boxes,43.648690000000045,-79.38543999999995,Hotel,Hilton,43.6499459,-79.385479
194,Stn A PO Boxes,43.648690000000045,-79.38543999999995,Hotel,Sheraton Centre Toronto Hotel,43.6505944,-79.3845298
195,Stn A PO Boxes,43.648690000000045,-79.38543999999995,Jazz Club,The Rex Hotel Jazz & Blues Bar,43.65050475544005,-79.38857723389897
196,Stn A PO Boxes,43.648690000000045,-79.38543999999995,Hotel,The Adelaide Hotel Toronto,43.6498312,-79.3801639
197,Stn A PO Boxes,43.648690000000045,-79.38543999999995,Hotel,InterContinental Toronto Centre,43.6444547,-79.3854827
198,Stn A PO Boxes,43.648690000000045,-79.38543999999995,Hotel,Hilton Convention Hall Toronto III,43.64973,-79.385912
199,Stn A PO Boxes,43.648690000000045,-79.38543999999995,Hotel,"Royal Suite, Fairmont Royal York",43.64725305659947,-79.38307469732278
200,Stn A PO Boxes,43.648690000000045,-79.38543999999995,Hotel,The Strathcona Hotel,43.646201956489605,-79.38275742610278
201,Stn A PO Boxes,43.648690000000045,-79.38543999999995,Hotel,Dominion Ballroom,43.65096631402739,-79.38435316085815
202,Stn A PO Boxes,43.648690000000045,-79.38543999999995,Hotel Bar,Library Bar,43.64550019136729,-79.38160166851243
203,Stn A PO Boxes,43.648690000000045,-79.38543999999995,General Travel,Toronto PATH System,43.64990340698978,-79.3830527039004
204,Stn A PO Boxes,43.648690000000045,-79.38543999999995,Restaurant,Tundra Restaurant,43.650068857878594,-79.38540891817722
205,Stn A PO Boxes,43.648690000000045,-79.38543999999995,Hotel,Ritz-Carlton Club Lounge,43.645805712420284,-79.38740180151551
206,Stn A PO Boxes,43.648690000000045,-79.38543999999995,Hotel,St Regis Hotel,43.64976981575342,-79.38070143942397
207,Stn A PO Boxes,43.648690000000045,-79.38543999999995,Hotel,The Fairmont Gold Floor,43.64642636357823,-79.38116674849772
208,Stn A PO Boxes,43.648690000000045,-79.38543999999995,Hotel,Deloitte University North at The Fairmont Royal York Hotel,43.645794,-79.381645
209,Stn A PO Boxes,43.648690000000045,-79.38543999999995,Hotel,Fairmont Ballroom,43.645538,-79.381735
210,Stn A PO Boxes,43.648690000000045,-79.38543999999995,Hotel,Fairmont Royal York Imperial Room,43.6458796820686,-79.38066638653464
211,Stn A PO Boxes,43.648690000000045,-79.38543999999995,Restaurant,Reign,43.64579,-79.38151
212,Stn A PO Boxes,43.648690000000045,-79.38543999999995,Hotel Pool,The Pool at Shangri-La,43.64925135414941,-79.38559840783742
213,Stn A PO Boxes,43.648690000000045,-79.38543999999995,Hotel Pool,ST Regis Pool and Spa,43.649868,-79.380295
214,"First Canadian Place, Underground city",43.648280000000064,-79.38145999999995,Hotel,The Fairmont Royal York,43.64544914616651,-79.3815076529019
215,"First Canadian Place, Underground city",43.648280000000064,-79.38145999999995,Hotel,Shangri-La Toronto,43.64912919417502,-79.3865566853963
216,"First Canadian Place, Underground city",43.648280000000064,-79.38145999999995,Hotel,One King West Hotel & Residence,43.6491395,-79.3778763
217,"First Canadian Place, Underground city",43.648280000000064,-79.38145999999995,Hotel,Cosmopolitan Toronto Centre Hotel & Spa,43.64906432957466,-79.37759759701125
218,"First Canadian Place, Underground city",43.648280000000064,-79.38145999999995,Hotel,The Adelaide Hotel Toronto,43.6498312,-79.3801639
219,"First Canadian Place, Underground city",43.648280000000064,-79.38145999999995,Hotel,Cambridge Suites Toronto,43.65183649475983,-79.37810738045548
220,"First Canadian Place, Underground city",43.648280000000064,-79.38145999999995,Hotel,Hilton,43.6499459,-79.385479
221,"First Canadian Place, Underground city",43.648280000000064,-79.38145999999995,Hotel,The Omni King Edward Hotel,43.64919051601911,-79.37600612640387
222,"First Canadian Place, Underground city",43.648280000000064,-79.38145999999995,Hotel,Sheraton Centre Toronto Hotel,43.6505944,-79.3845298
223,"First Canadian Place, Underground city",43.648280000000064,-79.38145999999995,Hotel,Hotel Victoria,43.64808421544407,-79.37758193835406
224,"First Canadian Place, Underground city",43.648280000000064,-79.38145999999995,Hotel Bar,Library Bar,43.64550019136729,-79.38160166851243
225,"First Canadian Place, Underground city",43.648280000000064,-79.38145999999995,Hotel,The Strathcona Hotel,43.646201956489605,-79.38275742610278
226,"First Canadian Place, Underground city",43.648280000000064,-79.38145999999995,Hotel,St Regis Hotel,43.64976981575342,-79.38070143942397
227,"First Canadian Place, Underground city",43.648280000000064,-79.38145999999995,Hotel,"Royal Suite, Fairmont Royal York",43.64725305659947,-79.38307469732278
228,"First Canadian Place, Underground city",43.648280000000064,-79.38145999999995,Hotel,The Fairmont Gold Floor,43.64642636357823,-79.38116674849772
229,"First Canadian Place, Underground city",43.648280000000064,-79.38145999999995,Hotel,Suites at One King West Hotel Toronto,43.64907697922986,-79.3784675503318
230,"First Canadian Place, Underground city",43.648280000000064,-79.38145999999995,Hotel,Fairmont Royal York Imperial Room,43.6458796820686,-79.38066638653464
231,"First Canadian Place, Underground city",43.648280000000064,-79.38145999999995,Hotel,Deloitte University North at The Fairmont Royal York Hotel,43.645794,-79.381645
232,"First Canadian Place, Underground city",43.648280000000064,-79.38145999999995,Hotel,Fairmont Ballroom,43.645538,-79.381735
233,"First Canadian Place, Underground city",43.648280000000064,-79.38145999999995,General Travel,Toronto PATH System,43.64990340698978,-79.3830527039004
234,"First Canadian Place, Underground city",43.648280000000064,-79.38145999999995,Hotel,1 King West Gym,43.64874179478857,-79.3780591452993
235,"First Canadian Place, Underground city",43.648280000000064,-79.38145999999995,Hotel,Dominion Ballroom,43.65096631402739,-79.38435316085815
236,"First Canadian Place, Underground city",43.648280000000064,-79.38145999999995,Hotel,Hilton Convention Hall Toronto III,43.64973,-79.385912
237,"First Canadian Place, Underground city",43.648280000000064,-79.38145999999995,Restaurant,Tundra Restaurant,43.650068857878594,-79.38540891817722
238,"First Canadian Place, Underground city",43.648280000000064,-79.38145999999995,Restaurant,Reign,43.64579,-79.38151
239,"First Canadian Place, Underground city",43.648280000000064,-79.38145999999995,Hotel Pool,ST Regis Pool and Spa,43.649868,-79.380295
240,"First Canadian Place, Underground city",43.648280000000064,-79.38145999999995,Hotel Pool,The Pool at Shangri-La,43.64925135414941,-79.38559840783742
241,Church and Wellesley,43.666590000000035,-79.38132999999993,Hotel,The Anndore House,43.66880060698211,-79.38541264736057
242,Church and Wellesley,43.666590000000035,-79.38132999999993,Hotel,Town Inn Suites,43.66905597213064,-79.38257311903673
243,Church and Wellesley,43.666590000000035,-79.38132999999993,Hotel,Courtyard Toronto Downtown,43.6623796,-79.3830885
244,Church and Wellesley,43.666590000000035,-79.38132999999993,Hotel,Victoria's Mansion Guest House Toronto,43.66748852098514,-79.38228639273937
245,Church and Wellesley,43.666590000000035,-79.38132999999993,Hotel,Cromwell apartments,43.667871610117494,-79.38317835330963
246,Church and Wellesley,43.666590000000035,-79.38132999999993,Hotel,Wellesley Manor Boutique Hotel,43.665127173406844,-79.38299359650924
247,Church and Wellesley,43.666590000000035,-79.38132999999993,Bed & Breakfast,Downtown Inn,43.66699734795373,-79.38108280514895
248,Church and Wellesley,43.666590000000035,-79.38132999999993,Bed & Breakfast,Banting House Bed & Breakfast Toronto,43.66521,-79.375419
249,Church and Wellesley,43.666590000000035,-79.38132999999993,Gym / Fitness Center,Gym at the Courtyard by Mariott,43.66240164115153,-79.38319016270458
250,"Business reply mail Processing Centre, South Central Letter Processing Plant Toronto",43.648690000000045,-79.38543999999995,Hotel,Shangri-La Toronto,43.64912919417502,-79.3865566853963
251,"Business reply mail Processing Centre, South Central Letter Processing Plant Toronto",43.648690000000045,-79.38543999999995,Hotel,The Ritz-Carlton,43.645330157595886,-79.38708901405334
252,"Business reply mail Processing Centre, South Central Letter Processing Plant Toronto",43.648690000000045,-79.38543999999995,Hotel,The Fairmont Royal York,43.64544914616651,-79.3815076529019
253,"Business reply mail Processing Centre, South Central Letter Processing Plant Toronto",43.648690000000045,-79.38543999999995,Hotel,Hilton,43.6499459,-79.385479
254,"Business reply mail Processing Centre, South Central Letter Processing Plant Toronto",43.648690000000045,-79.38543999999995,Hotel,Sheraton Centre Toronto Hotel,43.6505944,-79.3845298
255,"Business reply mail Processing Centre, South Central Letter Processing Plant Toronto",43.648690000000045,-79.38543999999995,Jazz Club,The Rex Hotel Jazz & Blues Bar,43.65050475544005,-79.38857723389897
256,"Business reply mail Processing Centre, South Central Letter Processing Plant Toronto",43.648690000000045,-79.38543999999995,Hotel,The Adelaide Hotel Toronto,43.6498312,-79.3801639
257,"Business reply mail Processing Centre, South Central Letter Processing Plant Toronto",43.648690000000045,-79.38543999999995,Hotel,InterContinental Toronto Centre,43.6444547,-79.3854827
258,"Business reply mail Processing Centre, South Central Letter Processing Plant Toronto",43.648690000000045,-79.38543999999995,Hotel,Hilton Convention Hall Toronto III,43.64973,-79.385912
259,"Business reply mail Processing Centre, South Central Letter Processing Plant Toronto",43.648690000000045,-79.38543999999995,Hotel,"Royal Suite, Fairmont Royal York",43.64725305659947,-79.38307469732278
260,"Business reply mail Processing Centre, South Central Letter Processing Plant Toronto",43.648690000000045,-79.38543999999995,Hotel,The Strathcona Hotel,43.646201956489605,-79.38275742610278
261,"Business reply mail Processing Centre, South Central Letter Processing Plant Toronto",43.648690000000045,-79.38543999999995,Hotel,Dominion Ballroom,43.65096631402739,-79.38435316085815
262,"Business reply mail Processing Centre, South Central Letter Processing Plant Toronto",43.648690000000045,-79.38543999999995,Hotel Bar,Library Bar,43.64550019136729,-79.38160166851243
263,"Business reply mail Processing Centre, South Central Letter Processing Plant Toronto",43.648690000000045,-79.38543999999995,General Travel,Toronto PATH System,43.64990340698978,-79.3830527039004
264,"Business reply mail Processing Centre, South Central Letter Processing Plant Toronto",43.648690000000045,-79.38543999999995,Restaurant,Tundra Restaurant,43.650068857878594,-79.38540891817722
265,"Business reply mail Processing Centre, South Central Letter Processing Plant Toronto",43.648690000000045,-79.38543999999995,Hotel,Ritz-Carlton Club Lounge,43.645805712420284,-79.38740180151551
266,"Business reply mail Processing Centre, South Central Letter Processing Plant Toronto",43.648690000000045,-79.38543999999995,Hotel,St Regis Hotel,43.64976981575342,-79.38070143942397
267,"Business reply mail Processing Centre, South Central Letter Processing Plant Toronto",43.648690000000045,-79.38543999999995,Hotel,The Fairmont Gold Floor,43.64642636357823,-79.38116674849772
268,"Business reply mail Processing Centre, South Central Letter Processing Plant Toronto",43.648690000000045,-79.38543999999995,Hotel,Deloitte University North at The Fairmont Royal York Hotel,43.645794,-79.381645
269,"Business reply mail Processing Centre, South Central Letter Processing Plant Toronto",43.648690000000045,-79.38543999999995,Hotel,Fairmont Ballroom,43.645538,-79.381735
270,"Business reply mail Processing Centre, South Central Letter Processing Plant Toronto",43.648690000000045,-79.38543999999995,Hotel,Fairmont Royal York Imperial Room,43.6458796820686,-79.38066638653464
271,"Business reply mail Processing Centre, South Central Letter Processing Plant Toronto",43.648690000000045,-79.38543999999995,Restaurant,Reign,43.64579,-79.38151
272,"Business reply mail Processing Centre, South Central Letter Processing Plant Toronto",43.648690000000045,-79.38543999999995,Hotel Pool,The Pool at Shangri-La,43.64925135414941,-79.38559840783742
273,"Business reply mail Processing Centre, South Central Letter Processing Plant Toronto",43.648690000000045,-79.38543999999995,Hotel Pool,ST Regis Pool and Spa,43.649868,-79.380295
